target,group,shap_pct
wicket,S,0.260161534112073
wicket,B,0.6368908113739885
wicket,W,0.10294765451393864
runs,S,0.31058555044276365
runs,B,0.5063044874386251
runs,W,0.18310996211861116
