target,metric,delta,ci_lo,ci_hi,dotrun_sign,sig_ci_excl0
wicket,logloss,0.00016479263666185906,-0.00013203416820157797,0.00043965502040563536,0,0
wicket,brier,2.0564565476374752e-05,-2.315373000486148e-05,6.489935482870132e-05,0,0
runs,rmse,0.006500344099851896,0.004809854847316858,0.008257370165868416,-1,1
